{
    "data_params":{
        "fold_means": [2.74526,0.20378,26.0189,58.46608,29.10325,0.92899,0.05893,0.47325,6.96711,0.59847,1.71444,0.19764,0.26289,0.09702,0.70896,0.27491,0.24086,0.54047,0.09926,0.21376,0.26292,0.32638,1.31472,1.58121,0.09464,5.74547,0.46587,0.25106,0.91604,0.13754,0.47719,0.34917,1.36094,0.26489,0.23612,0.26936,0.07169,0.52233,0.23802,0.83594,7.47547,1.36868,14.90105,26.98122,1.92043,0.487,0.18965,0.18745,0.29509,5564.04322],
        "fold_stds": [3.82648,0.56628,6.42661,9.77791,6.86689,7.44103,0.56465,13.18485,8.67179,1.50847,3.85386,0.61622,1.02837,0.47756,2.43816,0.92032,0.66651,1.50089,0.485,0.69681,3.99427,3.12844,3.25674,21.85969,0.38834,7.84615,3.93175,1.45547,2.713,0.92317,1.58441,0.94686,2.05405,1.24784,0.63386,1.05766,0.35196,1.51714,1.13196,2.61204,307.62878,10.69259,24.83751,44.8649,1.75173,0.90684,1.055,0.98801,1.5112,153.30882],
        "fold_means_full": [11.4188,1.65092,0.22103,0.23724,1.10857,0.59751,0.46332,0.20241,0.07474,0.07631,0.03696,0.18501,1.09197,0.12563,0.22577,0.14002,0.08483,0.10126,0.15096,0.46454,0.84309,0.62547,0.87803,0.09565,0.26682,6.91996,0.39572,1.42988,0.13082,0.37122,0.67475,0.45453,0.38826,0.44104,1.45737,7.51228,0.20008,11.73838,22.50184],
        "fold_std_full": [21.85326,4.41731,0.88287,0.62319,2.93381,1.4372,1.49236,0.58197,0.35634,1.52016,0.21627,0.74904,2.0454,0.40239,0.69571,0.50556,0.63358,0.36115,0.5098,0.98501,1.74541,1.11279,2.31196,0.37581,1.02246,25.72557,1.14068,2.73469,0.45781,0.89026,2.2657,1.22892,0.90436,1.17765,2.09238,16.55821,0.56964,20.42826,38.83199],
        "fold_means_other":  9215.74001,
        "fold_std_other": 13791.84652,
        "basel_means":[615.72306,1.35713,0.3956,2.4852,2.36021,3.18826,6.18078,4.50183,4.15083,0.36118,47.09376,0.3947,0.11657,6.28306,0.55147,0.89593,0.15519,0.33105,0.15367,2.01923,1.94322,0.32991,0.84666,0.08802,0.17661,2.44504,0.1886,0.17818,0.65826,0.06208,14.90475,0.35035,0.14598,0.3781,0.09509,0.11113,0.5823,1.78033,0.19629,0.26746,2.10623,0.51872,0.08965,0.63595,0.17546,6.79009,0.592,1.93377,3.66736,4.97759,1.13142,0.07764],
        "basel_stds":[36.70235,1.66237,0.75971,2.58629,2.48709,3.1447,5.45217,4.167,7.80652,0.85001,7.78076,0.90523,0.63155,8.26374,1.99185,2.43922,0.49468,4.61756,0.66087,8.41639,5.63212,3.78189,1.85356,1.43491,0.76302,28.96283,0.62223,0.70054,4.01885,0.37975,20.93321,4.98703,0.62297,1.89406,0.62618,0.67075,9.03246,3.49085,0.90065,2.71839,3.21566,5.05932,0.45599,1.25387,0.65879,16.20696,1.16755,4.43054,8.15031,2.9353,1.3394,1.39796],
        "in_h": 176,
        "in_w": 176,
        "num_workers": 2
    },
    "training_params":{
        "batch_size": 8,
        "total_epochs": 5,
        "learning_rate": 0.0001,
        "beta1": 0.9,
        "beta2": 0.999,
        "l2_reg_alpha": 0.0001,
        "lambda_aux": 4.0,
        "lambda_omics_aux": 2.0
    },
    "model_params":{
        "initial_depth": 256
    },
    "save_freqs":{
        "model_freq": 1
    },
    "data_source": {
        "img_data_dir":"/public1/home/xsq/gd/idr0076/20191219-ftp/all_image",
        "fold_splits": "/public1/home/xsq/raw_graphdnn/fold_splits/split_0",
        "labels_file": "/public1/home/xsq/gd/dataio/Metabric_final.csv",
        "basel_file": "/public1/home/xsq/gd/OMEnMasks/Basel_pvs.csv",
        "basel_image":"/public1/home/xsq/gd/OMEnMasks/ome"
    },
    "experiment_dirs": {
        "load_dir": "last",
        "model_dir" : "models",
        "test_output_dir" : "test_output"
    },
    "omic_source": {
        "all_gene_file":"/public1/home/xsq/gd/omics/all_gene.npy",
        "mut_file":"/public1/home/xsq/gd/omics/mut_data_columns.npy",
        "cnv_del_file":"/public1/home/xsq/gd/omics/cnv_del_columns.npy",
        "cnv_amp_file":"/public1/home/xsq/gd/omics/cnv_amp_columns.npy",
        "cnv_file":"/public1/home/xsq/gd/omics/cnv_columns.npy"
    }

}
